decile,n,readmissions,rate,mean_pred,lift,cum_capture
1,1981,564,0.284705,0.269217,2.544099,0.254513
2,1981,321,0.162039,0.172654,1.447971,0.399368
3,1980,261,0.131818,0.138615,1.177917,0.517148
4,1980,252,0.127273,0.118513,1.137299,0.630866
5,1980,188,0.094949,0.103751,0.848461,0.715704
6,1980,161,0.081313,0.090696,0.726608,0.788357
7,1980,148,0.074747,0.079009,0.667937,0.855144
8,1980,126,0.063636,0.067869,0.568649,0.912004
9,1980,115,0.058081,0.056963,0.519005,0.963899
10,1980,80,0.040404,0.043471,0.361047,1.000000
