variable,group,n,readmissions,observed_rate,mean_pred,reliable,auc_roc,auc_pr,flagged_share,precision,recall,auc_roc_low,auc_roc_high
race,AfricanAmerican,3707,396,0.106825,0.114422,True,0.667338,0.200873,0.284597,0.187678,0.500000,0.636179,0.697634
race,Asian,122,10,0.081967,0.096480,False,,,,,,,
race,Caucasian,14886,1707,0.114672,0.115263,True,0.674764,0.241948,0.262596,0.204656,0.468658,0.656734,0.691522
race,Hispanic,371,39,0.105121,0.103519,True,0.778730,0.402666,0.226415,0.250000,0.538462,0.705607,0.853262
race,Other,298,26,0.087248,0.100320,True,0.695843,0.311639,0.191275,0.210526,0.461538,0.497166,0.819841
race,Unknown,418,38,0.090909,0.093557,True,0.631717,0.147185,0.160287,0.149254,0.263158,0.534993,0.715673
gender,Female,10645,1188,0.111602,0.117379,True,0.681426,0.237025,0.276280,0.201972,0.500000,0.660079,0.700734
gender,Male,9157,1028,0.112264,0.110259,True,0.669596,0.234730,0.245495,0.200178,0.437743,0.650001,0.687069
age_band,40-59,5378,558,0.103756,0.101019,True,0.695697,0.242578,0.211045,0.215859,0.439068,0.666638,0.724917
age_band,60-79,9306,1051,0.112938,0.116434,True,0.659540,0.213381,0.267677,0.194701,0.461465,0.641510,0.677751
age_band,80+,3834,460,0.119979,0.126027,True,0.632395,0.220596,0.326813,0.175579,0.478261,0.607191,0.656777
age_band,<40,1284,147,0.114486,0.116154,True,0.777000,0.369099,0.241433,0.303226,0.639456,0.685496,0.827242
